region,azure vm,license type,cost,operating system
West Europe,d1,sql-linux-enterprise,861.82,Linux
West Europe,d1,sql-linux-standard,263.33,Linux
West Europe,d1,sql-linux-web,63.11,Linux
West Europe,d1,sql-enterprise,896.64,Windows
West Europe,d1,sql-standard,298.15,Windows
West Europe,d1,sql-web,97.93,Windows
West Europe,d2,sql-linux-enterprise,907.52,Linux
West Europe,d2,sql-linux-standard,309.03,Linux
West Europe,d2,sql-linux-web,108.82,Linux
West Europe,d2,sql-enterprise,977.70,Windows
West Europe,d2,sql-standard,379.22,Windows
West Europe,d2,sql-web,179.00,Windows
West Europe,d3,sql-linux-enterprise,998.92,Linux
West Europe,d3,sql-linux-standard,400.44,Linux
West Europe,d3,sql-linux-web,200.22,Linux
West Europe,d3,sql-enterprise,1138.75,Windows
West Europe,d3,sql-standard,540.27,Windows
West Europe,d3,sql-web,340.05,Windows
West Europe,d4,sql-linux-enterprise,1997.85,Linux
West Europe,d4,sql-linux-standard,800.88,Linux
West Europe,d4,sql-linux-web,400.44,Linux
West Europe,d4,sql-enterprise,2278.04,Windows
West Europe,d4,sql-standard,1081.08,Windows
West Europe,d4,sql-web,680.64,Windows
West Europe,d14,sql-linux-enterprise,4226.92,Linux
West Europe,d14,sql-linux-standard,1832.99,Linux
West Europe,d14,sql-linux-web,1032.11,Linux
West Europe,d14,sql-enterprise,4481.01,Windows
West Europe,d14,sql-standard,2087.07,Windows
West Europe,d14,sql-web,1286.19,Windows
West Europe,d15v2,sql-linux-enterprise,5112.68,Linux
West Europe,d15v2,sql-linux-standard,2120.26,Linux
West Europe,d15v2,sql-linux-web,1119.16,Linux
West Europe,d15v2,sql-enterprise,5595.82,Windows
West Europe,d15v2,sql-standard,2603.40,Windows
West Europe,d15v2,sql-web,1602.30,Windows
West Europe,d32v3,sql-linux-enterprise,7573.53,Linux
West Europe,d32v3,sql-linux-standard,2785.67,Linux
West Europe,d32v3,sql-linux-web,1183.91,Linux
West Europe,d32v3,sql-enterprise,8374.41,Windows
West Europe,d32v3,sql-standard,3586.55,Windows
West Europe,d32v3,sql-web,1984.79,Windows
West Europe,d64v3,sql-linux-enterprise,15147.06,Linux
West Europe,d64v3,sql-linux-standard,5571.33,Linux
West Europe,d64v3,sql-linux-web,2367.82,Linux
West Europe,d64v3,sql-enterprise,16748.82,Windows
West Europe,d64v3,sql-standard,7173.09,Windows
West Europe,d64v3,sql-web,3969.58,Windows
West Europe,m128ms,sql-linux-enterprise,46444.03,Linux
West Europe,m128ms,sql-linux-standard,27292.57,Linux
West Europe,m128ms,sql-linux-web,20885.54,Linux
West Europe,m128ms,sql-enterprise,51409.27,Windows
West Europe,m128ms,sql-standard,32257.81,Windows
West Europe,m128ms,sql-web,25850.77,Windows
