region,Cost Customer,Cost Azure
asia-pacific-east, 11.92, 18.63
asia-pacific-southeast, 11.92, 18.63
australia-east, 11.92, 18.63
australia-southeast, 11.92, 18.63
brazil-south, 11.92, 18.63
canada-central, 11.92, 18.63
canada-east, 11.92, 18.63
central-india, 11.92, 18.63
south-india, 11.92, 18.63
europe-north, 11.92, 18.63
europe-west, 11.92, 18.63
france-central, 11.92, 18.63
france-south, 11.92, 18.63
germany-central, 13.71, 21.43
germany-northeast, 13.71, 21.43
japan-east, 11.92, 18.63
japan-west, 11.92, 18.63
korea-central, 11.92, 18.63
korea-south, 11.92, 18.63
united-kingdom-south, 11.92, 18.63
united-kingdom-west, 11.92, 18.63
us-central, 11.92, 18.63
us-east, 11.92, 18.63
us-east-2, 11.92, 18.63
us-north-central, 11.92, 18.63
us-south-central, 11.92, 18.63
us-west-central, 11.92, 18.63
us-west, 11.92, 18.63
us-west-2, 11.92, 18.63
usgov-arizona, 11.92, 18.63
usgov-iowa, 11.92, 18.63
usgov-texas, 11.92, 18.63
usgov-virginia, 11.92, 18.63
