region,disk azure,unit cost
West Europe,s4,1.14
West Europe,s6,2.24
West Europe,s10,4.39
West Europe,s15,8.44
West Europe,s20,16.22
West Europe,s30,30.53
West Europe,s40,61.06
West Europe,s50,122.11
West Europe,e10,4.34
West Europe,e15,8.37
West Europe,e20,16.12
West Europe,e30,29.76
West Europe,e40,57.05
West Europe,e50,109.14
East US,s4,1.14
East US,s6,2.24
East US,s10,4.39
East US,s15,8.44
East US,s20,16.22
East US,s30,30.53
East US,s40,58.00
East US,s50,106.85
East US,e10,3.34
East US,e15,6.44
East US,e20,12.40
East US,e30,22.90
East US,e40,43.88
East US,e50,83.95
East US 2,s4,1.14
East US 2,s6,2.24
East US 2,s10,4.39
East US 2,s15,8.44
East US 2,s20,16.22
East US 2,s30,30.53
East US 2,s40,61.06
East US 2,s50,122.11
East US 2,e10,3.34
East US 2,e15,6.44
East US 2,e20,12.40
East US 2,e30,22.90
East US 2,e40,43.88
East US 2,e50,83.95
North Europe,s4,1.14
North Europe,s6,2.24
North Europe,s10,4.39
North Europe,s15,8.44
North Europe,s20,16.22
North Europe,s30,30.53
North Europe,s40,61.06
North Europe,s50,122.11
North Europe,e10,4.01
North Europe,e15,7.73
North Europe,e20,14.88
North Europe,e30,27.48
North Europe,e40,52.66
North Europe,e50,100.74
